name,location,description,batch,tags,profile_link
Airbnb,"San Francisco, CA, USA",Book accommodations around the world.,WINTER 2009,"CONSUMER, TRAVEL, LEISURE AND TOURISM",https://www.ycombinator.com/companies/airbnb
DoorDash,"San Francisco, CA, USA",Restaurant delivery.,SUMMER 2013,"CONSUMER, FOOD AND BEVERAGE",https://www.ycombinator.com/companies/doordash
Coinbase,"San Francisco, CA, USA","Buy, sell, and manage cryptocurrencies.",SUMMER 2012,"FINTECH, BANKING AND EXCHANGE",https://www.ycombinator.com/companies/coinbase
Instacart,"San Francisco, CA, USA",Marketplace for grocery delivery and pickup,SUMMER 2012,"CONSUMER, FOOD AND BEVERAGE",https://www.ycombinator.com/companies/instacart
Groww,"Bengaluru, KA, India","Making financial services simple, transparent and delightful.",WINTER 2018,"FINTECH, ASSET MANAGEMENT",https://www.ycombinator.com/companies/groww
Oklo,"Santa Clara, CA, USA","Emission free, always on power from advanced fission power plants.",SUMMER 2014,"INDUSTRIALS, ENERGY",https://www.ycombinator.com/companies/oklo
Meesho,"Bengaluru, KA, India",Democratizing internet commerce for everyone in India,SUMMER 2016,"B2B, RETAIL",https://www.ycombinator.com/companies/meesho
EquipmentShare,"Columbia, MO, USA",Cloud solutions for the construction industry.,WINTER 2015,"REAL ESTATE AND CONSTRUCTION, CONSTRUCTION",https://www.ycombinator.com/companies/equipmentshare
Dropbox,"San Francisco, CA, USA",Backup and share files in the cloud.,SUMMER 2007,"B2B, PRODUCTIVITY",https://www.ycombinator.com/companies/dropbox
Rigetti Computing,"Berkeley, CA, USA",Quantum coherent supercomputing.,SUMMER 2014,"INDUSTRIALS, MANUFACTURING AND ROBOTICS",https://www.ycombinator.com/companies/rigetti-computing
GitLab,"San Francisco, CA, USA",A complete DevOps platform delivered as a single application.,WINTER 2015,"B2B, ENGINEERING, PRODUCT AND DESIGN",https://www.ycombinator.com/companies/gitlab
BillionToOne,"Menlo Park, CA, USA",The genetic testing platform detecting and measuring disease.,SUMMER 2017,"HEALTHCARE, DIAGNOSTICS",https://www.ycombinator.com/companies/billiontoone
Matterport,"Sunnyvale, CA, USA",Turn physical objects and environments into 3D models in seconds.,WINTER 2012,"CONSUMER, VIRTUAL AND AUGMENTED REALITY",https://www.ycombinator.com/companies/matterport
Amplitude,"San Francisco, CA, USA",Digital Analytics Platform,WINTER 2012,"B2B, ANALYTICS",https://www.ycombinator.com/companies/amplitude
PagerDuty,"San Francisco, CA, USA",Real-time visibility into critical apps and services all in one place.,SUMMER 2010,"B2B, ENGINEERING, PRODUCT AND DESIGN",https://www.ycombinator.com/companies/pagerduty
Weave,"Lehi, UT, USA",Customer communication and payments platform.,WINTER 2014,"B2B, OFFICE MANAGEMENT",https://www.ycombinator.com/companies/weave
Ginkgo Bioworks,"Boston, MA, USA",Our mission is to make biology easier to engineer.,SUMMER 2014,"HEALTHCARE, INDUSTRIAL BIO",https://www.ycombinator.com/companies/ginkgo-bioworks
Pardes Biosciences,"San Francisco, CA, USA",We break viruses,SUMMER 2020,"HEALTHCARE, DRUG DISCOVERY AND DELIVERY",https://www.ycombinator.com/companies/pardes-bio
Embark Trucks,"San Francisco, CA, USA",Self-driving semi trucks.,WINTER 2016,"INDUSTRIALS, AUTOMOTIVE",https://www.ycombinator.com/companies/embark-trucks
Lucira Health,"Emeryville, CA, USA",Next generation infectious disease test kits,WINTER 2015,"HEALTHCARE, DIAGNOSTICS",https://www.ycombinator.com/companies/lucira-health
Momentus,"Santa Clara, CA, USA",The space infrastructure services company,SUMMER 2018,"INDUSTRIALS, AVIATION AND SPACE",https://www.ycombinator.com/companies/momentus
Segment,"San Francisco, CA, USA","Software and APIs to collect, clean, and control customer data.",SUMMER 2011,"B2B, ANALYTICS",https://www.ycombinator.com/companies/segment
Algolia,"San Francisco, CA, USA",A developer-friendly and enterprise-grade search API.,WINTER 2014,"B2B, ENGINEERING, PRODUCT AND DESIGN",https://www.ycombinator.com/companies/algolia
Truebill,"Silver Spring, MD, USA",Live your best financial life,WINTER 2016,"FINTECH, CONSUMER FINANCE",https://www.ycombinator.com/companies/truebill
Twitch,"San Francisco, CA, USA",A global community creating the future of live entertainment.,WINTER 2007,"CONSUMER, CONTENT",https://www.ycombinator.com/companies/twitch
PlanGrid,"San Francisco, CA, USA",Mobile applications for the construction industry.,WINTER 2012,"REAL ESTATE AND CONSTRUCTION, CONSTRUCTION",https://www.ycombinator.com/companies/plangrid
Bellabeat,"San Francisco, CA, USA",Tech-powered women's wellness.,WINTER 2014,"CONSUMER, CONSUMER ELECTRONICS",https://www.ycombinator.com/companies/bellabeat
Cruise,"San Francisco, CA, USA",Self-driving cars.,WINTER 2014,"INDUSTRIALS, AUTOMOTIVE",https://www.ycombinator.com/companies/cruise
Benchling,"San Francisco, CA, USA",Unlocking the power of biotech with modern software for modern science,SUMMER 2012,B2B,https://www.ycombinator.com/companies/benchling
Casetext,"San Francisco, CA, USA",We make the world's laws free and understandable.,SUMMER 2013,"B2B, LEGAL",https://www.ycombinator.com/companies/casetext
Bird,"Amsterdam, NH, Netherlands",The world’s largest omnichannel communications platform,SUMMER 2016,"B2B, ENGINEERING, PRODUCT AND DESIGN",https://www.ycombinator.com/companies/bird
Brex,"San Francisco, CA, USA","Business accounts, corporate cards, and spend management software.",WINTER 2017,"FINTECH, BANKING AND EXCHANGE",https://www.ycombinator.com/companies/brex
The Athletic,"San Francisco, CA, USA",Subscription sports media.,SUMMER 2016,"CONSUMER, CONTENT",https://www.ycombinator.com/companies/the-athletic
Codecademy,"New York, NY, USA",The leading online learning platform for technical skills.,SUMMER 2011,EDUCATION,https://www.ycombinator.com/companies/codecademy
Checkr,"San Francisco, CA, USA",People infrastructure for the future of work,SUMMER 2014,"B2B, HUMAN RESOURCES",https://www.ycombinator.com/companies/checkr
Lever,"San Francisco, CA, USA",Talent Acquisition Suite that combines ATS + Talent CRM,SUMMER 2012,"B2B, RECRUITING AND TALENT",https://www.ycombinator.com/companies/lever
Clipboard,"San Francisco, CA, USA",Connects workplaces with professionals nearby.,WINTER 2017,CONSUMER,https://www.ycombinator.com/companies/clipboard
Heap,"San Francisco, CA, USA",Captures user interactions with no code to generate analytics.,WINTER 2013,"B2B, ANALYTICS",https://www.ycombinator.com/companies/heap
Sendwave,"Boston, MA, USA","Instant, no fee international remittances.",WINTER 2012,"FINTECH, PAYMENTS",https://www.ycombinator.com/companies/sendwave
Deel,"San Francisco, CA, USA",The all-in-one HR and payroll platform for global teams,WINTER 2019,"B2B, FINANCE AND ACCOUNTING",https://www.ycombinator.com/companies/deel
Clever,"San Francisco, CA, USA",The platform that powers technology in the classroom.,SUMMER 2012,EDUCATION,https://www.ycombinator.com/companies/clever
Caper,,Plug-and-play cashier-less retail powered by computer vision and AI,WINTER 2016,"B2B, RETAIL",https://www.ycombinator.com/companies/caper
Reddit,"San Francisco, CA, USA",The frontpage of the internet.,SUMMER 2005,"CONSUMER, CONTENT",https://www.ycombinator.com/companies/reddit
Fivestars,"San Francisco, CA, USA",Customer loyalty and payments platform for small businesses.,WINTER 2011,"B2B, RETAIL",https://www.ycombinator.com/companies/fivestars
Machine Zone,"Palo Alto, CA, USA",Pioneers of mobile social gaming.,WINTER 2008,"CONSUMER, GAMING",https://www.ycombinator.com/companies/machine-zone
Faire,"San Francisco, CA, USA",The global online platform empowering independent retail.,WINTER 2017,"B2B, RETAIL",https://www.ycombinator.com/companies/faire
Fivetran,"Oakland, CA, USA",The leader in automated data movement,WINTER 2013,"B2B, INFRASTRUCTURE",https://www.ycombinator.com/companies/fivetran
Optimizely,"San Francisco, CA, USA",The first all-in-one operating system for marketing,WINTER 2010,"B2B, ENGINEERING, PRODUCT AND DESIGN",https://www.ycombinator.com/companies/optimizely
Flexport,"San Francisco, CA, USA",Platform for global logistics.,WINTER 2014,"B2B, SUPPLY CHAIN AND LOGISTICS",https://www.ycombinator.com/companies/flexport
WePay,"Redwood City, CA, USA",Payments for platform businesses.,SUMMER 2009,"FINTECH, PAYMENTS",https://www.ycombinator.com/companies/wepay
Weebly,"San Francisco, CA, USA",Build a free website that grows with your business.,WINTER 2007,"B2B, MARKETING",https://www.ycombinator.com/companies/weebly
Flock Safety,"Atlanta, GA, USA",The first public safety operating system that eliminates crime.,SUMMER 2017,"B2B, ENGINEERING, PRODUCT AND DESIGN",https://www.ycombinator.com/companies/flock-safety
Sqreen,"San Francisco, CA, USA",Sqreen is the application security platform for the modern enterprise,WINTER 2018,"B2B, SECURITY",https://www.ycombinator.com/companies/sqreen
NURX,"New York, NY, USA","Medicine or testing kit, prescribed online and delivered to your door.",WINTER 2016,"HEALTHCARE, CONSUMER HEALTH AND WELLNESS",https://www.ycombinator.com/companies/nurx
Go1,"San Francisco, CA, USA",A learning platform that enables you to train your staff or customers.,SUMMER 2015,"B2B, HUMAN RESOURCES",https://www.ycombinator.com/companies/go1
CoreOS,"San Francisco, CA, USA",Open source tools of modern distributed systems.,SUMMER 2013,"B2B, INFRASTRUCTURE",https://www.ycombinator.com/companies/coreos
Bear Flag Robotics,"Newark, CA, USA",Autonomous driving technology for farm tractors.,WINTER 2018,"INDUSTRIALS, AGRICULTURE",https://www.ycombinator.com/companies/bear-flag-robotics
GOAT Group,"Los Angeles, CA, USA","Platform for the greatest products from the past, present and future.",WINTER 2011,"CONSUMER, APPAREL AND COSMETICS",https://www.ycombinator.com/companies/goat-group
Heroku,"San Francisco, CA, USA",Enabling developers to build and run applications in the cloud.,WINTER 2008,"B2B, INFRASTRUCTURE",https://www.ycombinator.com/companies/heroku
GrubMarket,"San Francisco, CA, USA",AI-powered technology enabler and digital transformer of American…,WINTER 2015,"B2B, SUPPLY CHAIN AND LOGISTICS",https://www.ycombinator.com/companies/grubmarket
HelloSign,"San Francisco, CA, USA",eSignature software for small and mid-market businesses.,WINTER 2011,"B2B, PRODUCTIVITY",https://www.ycombinator.com/companies/hellosign
Zenefits,"San Francisco, CA, USA","HR for small businesses: onboarding, payroll and benefits.",WINTER 2013,"B2B, HUMAN RESOURCES",https://www.ycombinator.com/companies/zenefits
Gusto,"San Francisco, CA, USA",Provides growing businesses with everything to take care of their team,WINTER 2012,"B2B, HUMAN RESOURCES",https://www.ycombinator.com/companies/gusto
Honeylove,"Los Angeles, CA, USA",Honeylove makes functional undergarments for women,SUMMER 2018,"CONSUMER, APPAREL AND COSMETICS",https://www.ycombinator.com/companies/honeylove
Modern Fertility,"San Francisco, CA, USA",At-home fertility test for women who aren't ready for kids right now…,SUMMER 2017,"HEALTHCARE, CONSUMER HEALTH AND WELLNESS",https://www.ycombinator.com/companies/modern-fertility
Cognito,"Palo Alto, CA, USA","Frictionless, modern identity verification that starts with just a…",SUMMER 2014,"B2B, ENGINEERING, PRODUCT AND DESIGN",https://www.ycombinator.com/companies/cognito
OpenInvest,"San Francisco, CA, USA",Values based personalization at scale for asset and wealth management,SUMMER 2015,FINTECH,https://www.ycombinator.com/companies/openinvest
Mixpanel,"San Francisco, CA, USA",Mixpanel is event analytics for builders that need answers.,SUMMER 2009,"B2B, ANALYTICS",https://www.ycombinator.com/companies/mixpanel
Paystack,"Lagos, LA, Nigeria",Modern payments infrastructure for Africa,WINTER 2016,"FINTECH, PAYMENTS",https://www.ycombinator.com/companies/paystack
Moxion Power Co.,"Richmond, CA, USA",Mobile Energy Storage Technology,WINTER 2021,"INDUSTRIALS, ENERGY",https://www.ycombinator.com/companies/moxion-power-co
DrChrono,"CA, USA",The essential platform for modern medical practices and patients.,WINTER 2011,"HEALTHCARE, HEALTHCARE IT",https://www.ycombinator.com/companies/drchrono
OMGPop,"New York, NY, USA",An independent flash game studio.,SUMMER 2006,"CONSUMER, GAMING",https://www.ycombinator.com/companies/omgpop
Newfront,"San Francisco, CA, USA",Modern insurance brokerage.,WINTER 2018,"FINTECH, INSURANCE",https://www.ycombinator.com/companies/newfront-insurance
North,"Kitchener, ON, Canada",Wearable computing hardware: biosignal gesture recognition,WINTER 2013,"CONSUMER, VIRTUAL AND AUGMENTED REALITY",https://www.ycombinator.com/companies/north
Nowports,,The core engine of supply chain in LATAM,WINTER 2019,"B2B, SUPPLY CHAIN AND LOGISTICS",https://www.ycombinator.com/companies/nowports
Odeko,"New York, NY, USA",Our operations software makes it easier to run--and grow--your cafe,SUMMER 2019,B2B,https://www.ycombinator.com/companies/odeko
GitPrime,"Durango, CO, USA",Visibility and analytics for software development leaders.,WINTER 2016,"B2B, ENGINEERING, PRODUCT AND DESIGN",https://www.ycombinator.com/companies/gitprime
Proxy,"San Francisco, CA, USA",Smart ring digital wallet,SUMMER 2016,"CONSUMER, CONSUMER ELECTRONICS",https://www.ycombinator.com/companies/proxy
FutureAdvisor,"San Francisco, CA, USA",The online financial management service for everyone.,SUMMER 2010,"FINTECH, CONSUMER FINANCE",https://www.ycombinator.com/companies/futureadvisor
Podium,"Lehi, UT, USA",Get more leads. Make more money.,WINTER 2016,"B2B, RETAIL",https://www.ycombinator.com/companies/podium
Rappi,"Bogotá, Bogota, Colombia",On-demand delivery and financial services for Latin America.,WINTER 2016,"CONSUMER, FOOD AND BEVERAGE",https://www.ycombinator.com/companies/rappi
Razorpay,"Bengaluru, KA, India",India's only full-stack financial solutions company for businesses.,WINTER 2015,"FINTECH, PAYMENTS",https://www.ycombinator.com/companies/razorpay
Rippling,"San Francisco, CA, USA","One place to run all your HR, IT, and Finance. Globally.",WINTER 2017,"B2B, HUMAN RESOURCES",https://www.ycombinator.com/companies/rippling
Scale AI,"San Francisco, CA, USA",Data-centric infrastructure to accelerate the development of AI,SUMMER 2016,"B2B, ENGINEERING, PRODUCT AND DESIGN",https://www.ycombinator.com/companies/scale-ai
Scentbird,"New York, NY, USA",Scentbird is a luxury fragrance subscription service.,SUMMER 2015,"CONSUMER, APPAREL AND COSMETICS",https://www.ycombinator.com/companies/scentbird
Scribd,"San Francisco, CA, USA",World's largest online library.,SUMMER 2006,"CONSUMER, CONTENT",https://www.ycombinator.com/companies/scribd
ShipBob,"Chicago, IL, USA",Providing Amazon level logistics to e-commerce businesses.,SUMMER 2014,"B2B, SUPPLY CHAIN AND LOGISTICS",https://www.ycombinator.com/companies/shipbob
SmartAsset,"New York, NY, USA",Marketplace connecting consumers to financial advisors,SUMMER 2012,"FINTECH, CONSUMER FINANCE",https://www.ycombinator.com/companies/smartasset
Stripe,"San Francisco, CA, USA",Economic infrastructure for the internet.,SUMMER 2009,FINTECH,https://www.ycombinator.com/companies/stripe
Wave,"Dakar, Dakar Region, Senegal",Mobile money app for Africa,WINTER 2012,"FINTECH, PAYMENTS",https://www.ycombinator.com/companies/wave
Webflow,"San Francisco, CA, USA",Professional website design and publishing platform.,SUMMER 2013,"B2B, MARKETING",https://www.ycombinator.com/companies/webflow
Whatnot,"Los Angeles, CA, USA",Whatnot is the largest livestream shopping platform in the U.S.,WINTER 2020,CONSUMER,https://www.ycombinator.com/companies/whatnot
Zapier,"Mountain View, CA, USA",The easiest way to automate your work.,SUMMER 2012,"B2B, PRODUCTIVITY",https://www.ycombinator.com/companies/zapier
Zepto,"MH, India",10-Minute Grocery Delivery in India,WINTER 2021,"CONSUMER, FOOD AND BEVERAGE",https://www.ycombinator.com/companies/zepto
Focal Systems,"New York, NY, USA",Building the Operating System for B&M Retail using Deep Learning,WINTER 2016,"B2B, RETAIL",https://www.ycombinator.com/companies/focal-systems
Mio,"Austin, TX, USA",Mio powers seamless communication between workplace chat apps.,WINTER 2016,"B2B, ENGINEERING, PRODUCT AND DESIGN",https://www.ycombinator.com/companies/mio
Daily,"San Francisco, CA, USA",Conversational Voice and Multimodal AI built with Open Source,WINTER 2016,"B2B, PRODUCTIVITY",https://www.ycombinator.com/companies/daily
Petcube,"San Francisco, CA, USA",Petcube is on the mission to improve lives of pets and pet owners…,WINTER 2016,"CONSUMER, CONSUMER ELECTRONICS",https://www.ycombinator.com/companies/petcube
Outschool,"San Francisco, CA, USA",A live online learning platform that empowers kids ages 3–18.,WINTER 2016,EDUCATION,https://www.ycombinator.com/companies/outschool
Mason,"Seattle, WA, USA",Mason is the fastest way to take smart devices from idea to end user,WINTER 2016,B2B,https://www.ycombinator.com/companies/mason
MagicBus,"Los Angeles, CA, USA",We make vanpool simple.,WINTER 2016,"CONSUMER, TRANSPORTATION SERVICES",https://www.ycombinator.com/companies/magicbus
Tovala,"Chicago, IL, USA",A smart-oven-paired subscription meal service.,WINTER 2016,"CONSUMER, HOME AND PERSONAL",https://www.ycombinator.com/companies/tovala
iSono Health,"San Francisco, CA, USA",AI-powered platform for Accessible and Personalized Breast Health…,WINTER 2016,"HEALTHCARE, MEDICAL DEVICES",https://www.ycombinator.com/companies/isono-health
GetAccept,"San Francisco, CA, USA",Close deals faster. Digitally.,WINTER 2016,"B2B, SALES",https://www.ycombinator.com/companies/getaccept
Chatfuel,"San Francisco, CA, USA",Platform to easily create chatbots to engage with audiences on…,WINTER 2016,"B2B, ENGINEERING, PRODUCT AND DESIGN",https://www.ycombinator.com/companies/chatfuel
Yardbook,"San Mateo, CA, USA",Marketplace & Software Revolutionizing Yard Care,WINTER 2016,"B2B, FINANCE AND ACCOUNTING",https://www.ycombinator.com/companies/yardbook
GoCardless,"London, England, United Kingdom",We’re building the world’s bank payment network.,SUMMER 2011,"FINTECH, CONSUMER FINANCE",https://www.ycombinator.com/companies/gocardless
Stealth Worker,"Menlo Park, CA, USA","Information Security (Cyber Security), Compliance and Privacy (GDPR &…",WINTER 2016,"B2B, RECRUITING AND TALENT",https://www.ycombinator.com/companies/stealth-worker
Deepgram,"San Francisco, CA, USA",Building foundational AI for speech transcription and understanding.,WINTER 2016,"B2B, ENGINEERING, PRODUCT AND DESIGN",https://www.ycombinator.com/companies/deepgram
SOUNDBOKS,"Copenhagen, Denmark",We're creating the loudest battery-driven speaker on the market,WINTER 2016,"CONSUMER, CONSUMER ELECTRONICS",https://www.ycombinator.com/companies/soundboks
Lattice,"San Francisco, CA, USA",Modern people management platform.,WINTER 2016,"B2B, HUMAN RESOURCES",https://www.ycombinator.com/companies/lattice
Mux,"San Francisco, CA, USA",Video infrastructure for developers,WINTER 2016,"B2B, INFRASTRUCTURE",https://www.ycombinator.com/companies/mux
Human Interest,"San Francisco, CA, USA",The 401(k) for small and medium-sized businesses.,SUMMER 2015,"B2B, HUMAN RESOURCES",https://www.ycombinator.com/companies/human-interest
Flirtey (SkyDrop),"Reno, NV, USA",Flirtey is the world’s first commercial drone delivery service and…,SUMMER 2015,"INDUSTRIALS, DRONES",https://www.ycombinator.com/companies/flirtey
Eight Sleep,"New York, NY, USA",The sleep fitness company.,SUMMER 2015,"CONSUMER, HOME AND PERSONAL",https://www.ycombinator.com/companies/eight-sleep
Instawork,"San Francisco, CA, USA",A flexible work app that connects businesses with hourly workers.,SUMMER 2015,"B2B, RECRUITING AND TALENT",https://www.ycombinator.com/companies/instawork
Cofactor Genomics,"St. Louis, MO, USA",Cofactor closes the precision medicine gap with predictive diagnostics,SUMMER 2015,"HEALTHCARE, DIAGNOSTICS",https://www.ycombinator.com/companies/cofactor-genomics
Click & Grow,"Palo Alto, CA, USA",Click & Grow makes indoor urban gardens and farms that take complete…,SUMMER 2015,"CONSUMER, HOME AND PERSONAL",https://www.ycombinator.com/companies/click-and-grow
Bitmovin,"San Francisco, CA, USA",Powers OTT online video providers with video developer tools.,SUMMER 2015,"B2B, INFRASTRUCTURE",https://www.ycombinator.com/companies/bitmovin
TetraScience,"Boston, MA, USA",The only R&D data cloud for life sciences,SUMMER 2015,"HEALTHCARE, HEALTHCARE IT",https://www.ycombinator.com/companies/tetrascience
The Ticket Fairy,"Los Angeles, CA, USA",Revenue generation for live events,SUMMER 2015,"CONSUMER, TRAVEL, LEISURE AND TOURISM",https://www.ycombinator.com/companies/the-ticket-fairy
Font Awesome,"Bentonville, AR, USA",Icons and social logos for your website.,SUMMER 2015,"B2B, ENGINEERING, PRODUCT AND DESIGN",https://www.ycombinator.com/companies/font-awesome
"80,000 Hours","London, England, United Kingdom",An online guide that tells talented graduates how to maximise the…,SUMMER 2015,UNSPECIFIED,https://www.ycombinator.com/companies/80-000-hours
Xendit,"Jakarta, Jakarta, Indonesia",Provides payment infrastructure for Southeast Asia,SUMMER 2015,"FINTECH, PAYMENTS",https://www.ycombinator.com/companies/xendit
Shred Video,"San Francisco, CA, USA",Shred Video builds automated video & photo systems that allow…,SUMMER 2015,"CONSUMER, CONTENT",https://www.ycombinator.com/companies/shred-video
Shape (ShapeScale),"San Francisco, CA, USA",ShapeScale is a personal 3D scanner and fitness tracker that…,SUMMER 2015,"CONSUMER, CONSUMER ELECTRONICS",https://www.ycombinator.com/companies/shape-shapescale
RedCarpetUp,"Gurugram, HR, India",Credit cards for Indians that banks cannot see,SUMMER 2015,"FINTECH, CONSUMER FINANCE",https://www.ycombinator.com/companies/redcarpetup
Plate IQ,"New York, NY, USA",Automated Accounts Payable,SUMMER 2015,"FINTECH, PAYMENTS",https://www.ycombinator.com/companies/plate-iq
PickTrace,"Los Angeles, CA, USA",Workforce Management for Large Farms,SUMMER 2015,"INDUSTRIALS, AGRICULTURE",https://www.ycombinator.com/companies/picktrace
Fountain,"San Francisco, CA, USA",High volume hiring made simple,SUMMER 2015,"B2B, RECRUITING AND TALENT",https://www.ycombinator.com/companies/fountain
Microhealth,"New York, NY, USA",Digital hematology,SUMMER 2015,"HEALTHCARE, CONSUMER HEALTH AND WELLNESS",https://www.ycombinator.com/companies/microhealth
Zeplin,"San Francisco, CA, USA",Deliver on the Promise of Design,SUMMER 2015,"B2B, ENGINEERING, PRODUCT AND DESIGN",https://www.ycombinator.com/companies/zeplin
Markhor,"San Francisco, CA, USA",Markhor is a DTC company that works with craftsmen to make shoes and…,SUMMER 2015,"CONSUMER, APPAREL AND COSMETICS",https://www.ycombinator.com/companies/markhor
Circle Medical,,Modern primary care via video and in-person,SUMMER 2015,"HEALTHCARE, CONSUMER HEALTH AND WELLNESS",https://www.ycombinator.com/companies/circle-medical
GiveCampus,"Washington, DC, USA",The fundraising platform for schools.,SUMMER 2015,EDUCATION,https://www.ycombinator.com/companies/givecampus
Drip Capital,"MH, India",Digital trade finance and B2B commerce company,SUMMER 2015,FINTECH,https://www.ycombinator.com/companies/drip-capital
Chaldal,"Dhaka, Dhaka Division, Bangladesh",,SUMMER 2015,"CONSUMER, FOOD AND BEVERAGE",https://www.ycombinator.com/companies/chaldal
Clerky,"Palo Alto, CA, USA",Makes legal paperwork easy for startups and their attorneys.,SUMMER 2011,"B2B, LEGAL",https://www.ycombinator.com/companies/clerky
Bodyport,"San Francisco, CA, USA",Predicting and preventing heart disease.,SUMMER 2015,"HEALTHCARE, CONSUMER HEALTH AND WELLNESS",https://www.ycombinator.com/companies/bodyport
Verge Genomics,,We use human data and AI to develop better drugs faster.,SUMMER 2015,"HEALTHCARE, DRUG DISCOVERY AND DELIVERY",https://www.ycombinator.com/companies/verge-genomics
Thrive Agritech,"New York, NY, USA",We design and manufacture energy efficient LED lighting fixtures for…,SUMMER 2015,"INDUSTRIALS, AGRICULTURE",https://www.ycombinator.com/companies/thrive-agritech
Tesorio,"San Francisco, CA, USA",Tesorio is the cash flow performance platform that helps finance…,SUMMER 2015,"B2B, FINANCE AND ACCOUNTING",https://www.ycombinator.com/companies/tesorio
AgileMD,"San Francisco, CA, USA",Predictive analytics and clinical pathways for hospitals,SUMMER 2011,"HEALTHCARE, HEALTHCARE IT",https://www.ycombinator.com/companies/agilemd
Reach,"Redwood City, CA, USA","Long range, wireless energy distribution that scales",SUMMER 2015,"INDUSTRIALS, ENERGY",https://www.ycombinator.com/companies/reach
SunFarmer,"Kathmandu, Central Development Region, Nepal",Reliable and affordable solar energy in developing countries.,SUMMER 2015,"INDUSTRIALS, CLIMATE",https://www.ycombinator.com/companies/sunfarmer
Confident LIMS,"Palo Alto, CA, USA",Laboratory Information Management System (LIMS) serving…,SUMMER 2015,"B2B, OPERATIONS",https://www.ycombinator.com/companies/confident-lims
Branch8,"Kowloon, Hong Kong",Branch8 helps sellers to list and manage products on e-commerce…,SUMMER 2015,"B2B, RETAIL",https://www.ycombinator.com/companies/branch8
Heroic Labs,"London, England, United Kingdom","Social Infrastructure for Games; Makers of Nakama game server, Satori…",SUMMER 2015,"CONSUMER, GAMING",https://www.ycombinator.com/companies/heroic-labs
SnapMagic,"San Francisco, CA, USA",AI copilot for electronics design,SUMMER 2015,"B2B, ENGINEERING, PRODUCT AND DESIGN",https://www.ycombinator.com/companies/snapmagic
Scope AR,"San Francisco, CA, USA",Scope AR is the leading provider of User Guided Augmented Reality…,SUMMER 2015,"CONSUMER, VIRTUAL AND AUGMENTED REALITY",https://www.ycombinator.com/companies/scope-ar
PartnerStack,"Toronto, ON, Canada",PartnerStack is a full stack solution for partnerships.,SUMMER 2015,"B2B, MARKETING",https://www.ycombinator.com/companies/partnerstack
Assembly,"South San Francisco, CA, USA",Advanced manufacturing and distribution solutions (for China-based…,SUMMER 2015,"B2B, SUPPLY CHAIN AND LOGISTICS",https://www.ycombinator.com/companies/assembly
Gemnote,"San Leandro, CA, USA","Gemnote is the easiest way to design, create and send custom products.",SUMMER 2015,"B2B, OFFICE MANAGEMENT",https://www.ycombinator.com/companies/gemnote
New Story,"Atlanta, GA, USA",We pioneer solutions to end the global housing crisis by empowering…,SUMMER 2015,REAL ESTATE AND CONSTRUCTION,https://www.ycombinator.com/companies/new-story
Ironclad,"San Francisco, CA, USA",Digital contracting platform for legal teams.,SUMMER 2015,"B2B, LEGAL",https://www.ycombinator.com/companies/ironclad
Leaders In Tech,"San Francisco, CA, USA",Become the leader your company needs.,SUMMER 2015,UNSPECIFIED,https://www.ycombinator.com/companies/leaders-in-tech
teaBOT,"Toronto, ON, Canada",A robot that makes tea!,SUMMER 2015,"B2B, HUMAN RESOURCES",https://www.ycombinator.com/companies/teabot
Teleport,"Oakland, CA, USA",The Infrastructure Identity Company,SUMMER 2015,"B2B, INFRASTRUCTURE",https://www.ycombinator.com/companies/teleport
Lugg,"San Francisco, CA, USA","Move anything, anytime, anywhere",SUMMER 2015,"CONSUMER, HOME AND PERSONAL",https://www.ycombinator.com/companies/lugg
Shasqi,"San Francisco, CA, USA",Targeting Cancer with Click Chemistry,WINTER 2015,"HEALTHCARE, DRUG DISCOVERY AND DELIVERY",https://www.ycombinator.com/companies/shasqi
Mashgin,"Palo Alto, CA, USA",Self-Checkout using Computer Vision.,WINTER 2015,"B2B, RETAIL",https://www.ycombinator.com/companies/mashgin
NimbleRx,"Redwood City, CA, USA",On-demand prescription delivery.,WINTER 2015,"HEALTHCARE, CONSUMER HEALTH AND WELLNESS",https://www.ycombinator.com/companies/nimblerx
Quartzy,"Hayward, CA, USA",Marketplace for life science supplies.,SUMMER 2011,"HEALTHCARE, HEALTHCARE IT",https://www.ycombinator.com/companies/quartzy
Replika,"San Francisco, CA, USA",Replika is an AI friend that you can talk to designed to make you…,WINTER 2015,"CONSUMER, CONTENT",https://www.ycombinator.com/companies/replika
Tara AI,"San Jose, CA, USA","Meet Tara AI, your new engineering efficiency co-pilot.",WINTER 2015,"B2B, PRODUCTIVITY",https://www.ycombinator.com/companies/tara-ai
Flip,"Los Angeles, CA, USA",Community-driven marketplace for sneakers.,WINTER 2015,"CONSUMER, APPAREL AND COSMETICS",https://www.ycombinator.com/companies/flip
X-Zell,"Singapore, Singapore","Early, pain-free cancer detection.",WINTER 2015,"HEALTHCARE, DIAGNOSTICS",https://www.ycombinator.com/companies/x-zell
Zenflow,"South San Francisco, CA, USA","Medical device that provides a more effective, less invasive…",WINTER 2015,"HEALTHCARE, MEDICAL DEVICES",https://www.ycombinator.com/companies/zenflow
Tab,"London, England, United Kingdom","Revolutionising the way travellers discover, plan and book a trip",WINTER 2015,"CONSUMER, TRAVEL, LEISURE AND TOURISM",https://www.ycombinator.com/companies/tab
Streak,Remote,Streak transforms Gmail into a powerful CRM,SUMMER 2011,"B2B, SALES",https://www.ycombinator.com/companies/streak
Meadow,"San Francisco, CA, USA",Point of Sale and Compliance SaaS for Cannabis Dispensaries,WINTER 2015,"B2B, RETAIL",https://www.ycombinator.com/companies/meadow
Level Frames,"NY, USA",Software eats custom framing,WINTER 2015,"CONSUMER, HOME AND PERSONAL",https://www.ycombinator.com/companies/level-frames
Industrial Microbes,"Alameda, CA, USA",We design and build microbes to make chemicals greener at lower cost.,WINTER 2015,"HEALTHCARE, INDUSTRIAL BIO",https://www.ycombinator.com/companies/industrial-microbes
Giveffect,"New York, NY, USA","Fundraising, Volunteer and Donor Management SaaS for nonprofits.",WINTER 2015,"B2B, FINANCE AND ACCOUNTING",https://www.ycombinator.com/companies/giveffect
eBrandvalue,"Mountain View, CA, USA",Real-time Nielsen ratings for Brands.Accelerate marketing and product…,WINTER 2015,"B2B, MARKETING",https://www.ycombinator.com/companies/ebrandvalue
Quantierra,"New York, NY, USA",Sourcing investment real estate,WINTER 2015,"REAL ESTATE AND CONSTRUCTION, HOUSING AND REAL ESTATE",https://www.ycombinator.com/companies/quantierra
Cleanly,"New York, NY, USA",Laundry & Dry Cleaning delivered.,WINTER 2015,"CONSUMER, HOME AND PERSONAL",https://www.ycombinator.com/companies/cleanly
Resolve,"New York, NY, USA",Software to accelerate construction by finding issues in 3D BIM,WINTER 2015,"REAL ESTATE AND CONSTRUCTION, CONSTRUCTION",https://www.ycombinator.com/companies/resolve
Makrwatch,"New York, NY, USA",Scale new user acquisition with YouTube Creators,WINTER 2015,"B2B, MARKETING",https://www.ycombinator.com/companies/makrwatch
TeamNote,"Hong Kong, Hong Kong",Mobile Productivity(Slack for mobile workforces),WINTER 2015,"B2B, PRODUCTIVITY",https://www.ycombinator.com/companies/teamnote
Tempo,"San Francisco, CA, USA",Live home fitness training powered by computer vision.,WINTER 2015,"HEALTHCARE, CONSUMER HEALTH AND WELLNESS",https://www.ycombinator.com/companies/tempo
SIRUM,"Palo Alto, CA, USA",SIRUM is a “match.com” for unused medicine. We connect institutional…,WINTER 2015,UNSPECIFIED,https://www.ycombinator.com/companies/sirum
Sails Co.,"Austin, TX, USA","Full-service web, mobile, & cloud studio providing professional…",WINTER 2015,"B2B, ENGINEERING, PRODUCT AND DESIGN",https://www.ycombinator.com/companies/sails-co
ReadMe,"San Francisco, CA, USA","Beautiful, personalized, interactive developer hubs",WINTER 2015,"B2B, ENGINEERING, PRODUCT AND DESIGN",https://www.ycombinator.com/companies/readme
BuildScience,"Niagara Falls, NY, USA",The operating system for commercial buildings.,WINTER 2015,"REAL ESTATE AND CONSTRUCTION, HOUSING AND REAL ESTATE",https://www.ycombinator.com/companies/buildscience
Platzi,"San Francisco, CA, USA",Latin America's School of Technology,WINTER 2015,EDUCATION,https://www.ycombinator.com/companies/platzi
Labdoor,"San Francisco, CA, USA",Labdoor is building the trusted online drugstore.,WINTER 2015,"CONSUMER, FOOD AND BEVERAGE",https://www.ycombinator.com/companies/labdoor
GiveMeTap,"London, England, United Kingdom",We produce & sell stainless steel water bottles that enables people…,WINTER 2015,"CONSUMER, HOME AND PERSONAL",https://www.ycombinator.com/companies/givemetap
Bankjoy,"Troy, MI, USA",An end-to-end digital banking solution for banks and credit unions,WINTER 2015,"FINTECH, BANKING AND EXCHANGE",https://www.ycombinator.com/companies/bankjoy
Zeitview,"Santa Monica, CA, USA",Inspection software for renewable energy & sustainable infrastructure,WINTER 2015,"INDUSTRIALS, DRONES",https://www.ycombinator.com/companies/zeitview
The Human Utility,"Oakland, CA, USA",The Human Utility seeks to eliminate water service disconnections for…,WINTER 2015,UNSPECIFIED,https://www.ycombinator.com/companies/the-human-utility
Democracy Earth,"Madrid, Community of Madrid, Spain",Censorship resistant democracies.,WINTER 2015,UNSPECIFIED,https://www.ycombinator.com/companies/democracy-earth
OneSignal,"San Mateo, CA, USA",Engage customers through personalized omni-channel messaging,SUMMER 2011,"B2B, MARKETING",https://www.ycombinator.com/companies/onesignal
Numerion Labs,"San Francisco, CA, USA",Artificial intelligence for drug discovery.,WINTER 2015,"HEALTHCARE, DRUG DISCOVERY AND DELIVERY",https://www.ycombinator.com/companies/numerion-labs
Bright,"Mexico City, CDMX, Mexico",Sunrun for the developing world,WINTER 2015,"INDUSTRIALS, ENERGY",https://www.ycombinator.com/companies/bright
Magic,"Washington, DC, USA",Extremely talented assistants for busy people,WINTER 2015,B2B,https://www.ycombinator.com/companies/magic
Mezmo,"San Jose, CA, USA",Observability platform to control all of your log data,WINTER 2015,"B2B, INFRASTRUCTURE",https://www.ycombinator.com/companies/mezmo
Akido Labs,"Los Angeles, CA, USA",Rebuilding healthcare with AI at the core,WINTER 2015,"HEALTHCARE, HEALTHCARE IT",https://www.ycombinator.com/companies/akido-labs
Qventus,"San Francisco, CA, USA",We automate operations for hospitals and health systems,WINTER 2015,"HEALTHCARE, HEALTHCARE IT",https://www.ycombinator.com/companies/qventus
Bayes Impact,"San Francisco, CA, USA",Tech nonprofit building the future of public services.,SUMMER 2014,UNSPECIFIED,https://www.ycombinator.com/companies/bayes-impact
Helion Energy,"Everett, WA, USA",Building the world's first fusion power plant,SUMMER 2014,"INDUSTRIALS, ENERGY",https://www.ycombinator.com/companies/helion-energy
HackerRank,"Santa Clara, CA, USA",Change the world to value skills over pedigree,SUMMER 2011,"B2B, RECRUITING AND TALENT",https://www.ycombinator.com/companies/hackerrank
Front,"San Francisco, CA, USA",Customer communications hub for building strong relationships,SUMMER 2014,"B2B, PRODUCTIVITY",https://www.ycombinator.com/companies/front
Apollo,"San Francisco, CA, USA",Apollo helps engineering teams accelerate delivery,SUMMER 2011,"B2B, INFRASTRUCTURE",https://www.ycombinator.com/companies/apollo
Roomstorm,"Redwood City, CA, USA",Real time B2B hotel room marketplace for various industries…,SUMMER 2014,"CONSUMER, TRAVEL, LEISURE AND TOURISM",https://www.ycombinator.com/companies/roomstorm
Hive,"Kitchener, ON, Canada","Marketing automation for event promoters (email, sms, ads, CRM)",SUMMER 2014,"B2B, MARKETING",https://www.ycombinator.com/companies/hive
Tenjin,"San Francisco, CA, USA",Mobile marketing analytics and infrastructure,SUMMER 2014,"B2B, MARKETING",https://www.ycombinator.com/companies/tenjin
SpotAngels,"San Francisco, CA, USA",Waze for parking,SUMMER 2014,"CONSUMER, TRANSPORTATION SERVICES",https://www.ycombinator.com/companies/spotangels
UserGems,Austria,The AI Command Center for outbound and ABM,SUMMER 2014,"B2B, SALES",https://www.ycombinator.com/companies/usergems
SFOX,"Los Angeles, CA, USA",Crypto-currency trading platform.,SUMMER 2014,"FINTECH, BANKING AND EXCHANGE",https://www.ycombinator.com/companies/sfox
PicnicHealth,"San Francisco, CA, USA",Empowering Patients for Deep Real World Data,SUMMER 2014,HEALTHCARE,https://www.ycombinator.com/companies/picnichealth
Permutive,"London, England, United Kingdom",Rebuilding data in advertising to protect privacy,SUMMER 2014,"B2B, MARKETING",https://www.ycombinator.com/companies/permutive
Alchemy,"Waterloo, ON, Canada",Nanotechnology-enabled coatings for automotive and defence sectors,SUMMER 2014,"INDUSTRIALS, MANUFACTURING AND ROBOTICS",https://www.ycombinator.com/companies/alchemy
MTailor,"San Francisco, CA, USA",Get measured by your phone in under 30 seconds for perfect fitting…,SUMMER 2014,"CONSUMER, APPAREL AND COSMETICS",https://www.ycombinator.com/companies/mtailor
MetricWire,"Kitchener, ON, Canada",Mobile surveys for researchers,SUMMER 2014,"HEALTHCARE, HEALTHCARE IT",https://www.ycombinator.com/companies/metricwire
Protocol Labs,"Palo Alto, CA, USA","Protocol Labs makes internet protocols: IPFS, Filecoin, and more.",SUMMER 2014,"B2B, INFRASTRUCTURE",https://www.ycombinator.com/companies/protocol-labs
Greentoe,"New York, NY, USA","""Name Your Price"" for products",SUMMER 2014,"CONSUMER, CONSUMER ELECTRONICS",https://www.ycombinator.com/companies/greentoe
Hyperpad,"London, ON, Canada","Create, Share, Play Mobile Games on the iPad.",SUMMER 2014,"CONSUMER, GAMING",https://www.ycombinator.com/companies/hyperpad
Flaviar,"New York, NY, USA",Try-at-home service for fine spirits,SUMMER 2014,"CONSUMER, FOOD AND BEVERAGE",https://www.ycombinator.com/companies/flaviar
Clear,"Bengaluru, KA, India","Fintech SaaS platform for invoices, taxes, wealth management & credit.",SUMMER 2014,"FINTECH, CONSUMER FINANCE",https://www.ycombinator.com/companies/cleartax
Billforward,"San Francisco, CA, USA","Subscription billing, rate plan management and analytics as a…",SUMMER 2014,"FINTECH, PAYMENTS",https://www.ycombinator.com/companies/billforward
Backpack,"San Francisco, CA, USA",Marketplace to get stuff from overseas,SUMMER 2014,"CONSUMER, HOME AND PERSONAL",https://www.ycombinator.com/companies/backpack
Immunity Project,"San Francisco, CA, USA",The free HIV vaccine.,WINTER 2014,UNSPECIFIED,https://www.ycombinator.com/companies/immunity-project
Dyspatch,"Victoria, BC, Canada",Two products to help everyone email better. Dyspatch.io - Email…,WINTER 2014,"B2B, MARKETING",https://www.ycombinator.com/companies/dyspatch
OpenCurriculum,"Mountain View, CA, USA",Helping K-12 teachers and school administrators build awesome…,WINTER 2014,UNSPECIFIED,https://www.ycombinator.com/companies/opencurriculum
MixerBox,"Palo Alto, CA, USA",AI Super-Apps to Live Easier | The anything anytime superapps…,WINTER 2014,CONSUMER,https://www.ycombinator.com/companies/mixerbox
Y Combinator,,,,FINTECH,https://www.ycombinator.com/companies/y-combinator
GBatteries,"Ottawa, ON, Canada",Enabling li-ion batteries to charge ultra fast without compromising…,WINTER 2014,"INDUSTRIALS, CLIMATE",https://www.ycombinator.com/companies/gbatteries
Zinc,"San Francisco, CA, USA",The secret backbone of e-commerce.,WINTER 2014,"B2B, RETAIL",https://www.ycombinator.com/companies/zinc
Zidisha,"Sterling, VA, USA",Direct P2P lending across the international wealth divide.,WINTER 2014,"FINTECH, CREDIT AND LENDING",https://www.ycombinator.com/companies/zidisha
TrueVault,"San Francisco, CA, USA",We make Privacy Software for SMBs.,WINTER 2014,B2B,https://www.ycombinator.com/companies/truevault
Guesty,"Tel Aviv-Yafo, Tel Aviv District, Israel",The management platform for the short term rental industry.,WINTER 2014,"REAL ESTATE AND CONSTRUCTION, HOUSING AND REAL ESTATE",https://www.ycombinator.com/companies/guesty
Snapdocs,"San Francisco, CA, USA",digital mortgage closing,WINTER 2014,"REAL ESTATE AND CONSTRUCTION, HOUSING AND REAL ESTATE",https://www.ycombinator.com/companies/snapdocs
Medmonk,"Milpitas, CA, USA",A tool for pharmacists to find funding for patients who are unable to…,WINTER 2012,"HEALTHCARE, HEALTHCARE SERVICES",https://www.ycombinator.com/companies/medmonk
Shoobs,"London, England, United Kingdom",We help you find and book tickets to great entertainment events that…,WINTER 2014,"CONSUMER, TRAVEL, LEISURE AND TOURISM",https://www.ycombinator.com/companies/shoobs
Pushbullet,"San Francisco, CA, USA",Push things to your other things.,WINTER 2014,"CONSUMER, HOME AND PERSONAL",https://www.ycombinator.com/companies/pushbullet
Povio,"San Francisco, CA, USA",Engineering and Design that Fuels Startup Success,WINTER 2014,"B2B, ENGINEERING, PRODUCT AND DESIGN",https://www.ycombinator.com/companies/povio
PiinPoint,"Kitchener, ON, Canada",PiinPoint helps businesses find the best locations for growth,WINTER 2014,"B2B, OFFICE MANAGEMENT",https://www.ycombinator.com/companies/piinpoint
One Degree,"San Francisco, CA, USA",One Degree is a nonprofit organization that makes it easy for…,WINTER 2014,UNSPECIFIED,https://www.ycombinator.com/companies/one-degree
MBX,"San Francisco, CA, USA",A global multi-brand beauty and personal care startup.,WINTER 2014,"CONSUMER, APPAREL AND COSMETICS",https://www.ycombinator.com/companies/mbx
